position,sfGFP_residue,pdb_token,hard_preserve,designable_default,position_tier,effective_n_total,best_posterior_delta,tolerated_aa_count,strong_bad_aa_count,omit_aa
1,M,,False,False,not_in_pdb,0.0,0.0,20,0,
2,S,A2,False,True,preferred_design,309.6417,0.0,10,0,
3,K,A3,False,True,preferred_design,671.8199,0.0,9,0,
4,G,A4,False,True,preferred_design,201.3337,0.0,14,0,
5,E,A5,False,True,preferred_design,545.063,0.008501,11,0,
6,E,A6,False,True,preferred_design,508.981,0.0,9,0,
7,L,A7,False,True,preferred_design,349.1253,0.0,15,1,
8,F,A8,False,True,preferred_design,592.7732,0.0,12,4,
9,T,A9,False,True,preferred_design,638.7329,0.0,10,0,
10,G,A10,False,True,preferred_design,364.108,0.0,11,1,I
11,V,A11,False,True,preferred_design,577.2966,0.0,7,1,
12,V,A12,False,True,preferred_design,4100.8737,0.0,8,4,F
13,P,A13,False,True,preferred_design,344.4112,0.0,11,1,
14,I,A14,False,True,preferred_design,697.3676,0.0,7,3,N
15,L,A15,False,True,preferred_design,549.3596,0.0,7,1,
16,V,A16,False,True,preferred_design,355.7606,0.0,7,3,D
17,E,A17,False,True,preferred_design,626.1959,0.003545,8,1,
18,L,A18,False,True,preferred_design,289.6339,0.0,12,3,QR
19,D,A19,False,True,preferred_design,710.8627,0.0,7,1,
20,G,A20,False,True,preferred_design,134.5171,0.0,14,3,DV
21,D,A21,False,True,preferred_design,629.0813,0.0,11,1,
22,V,A22,False,True,preferred_design,307.8065,0.0,14,3,EG
23,N,A23,False,True,preferred_design,717.8305,0.0,6,4,IT
24,G,A24,False,True,preferred_design,310.7565,0.0,14,0,
25,H,A25,False,True,preferred_design,890.3284,0.0,6,1,P
26,K,A26,False,True,preferred_design,835.4941,0.000473,9,0,
27,F,A27,False,True,preferred_design,414.0273,0.0,12,5,CS
28,S,A28,False,True,preferred_design,790.8549,0.0,6,0,
29,V,A29,False,True,preferred_design,314.1735,0.0,8,5,AEGMT
30,R,A30,False,True,preferred_design,563.0427,0.0,6,1,P
31,G,A31,False,True,preferred_design,77.3036,0.0,14,4,CSV
32,E,A32,False,True,preferred_design,804.2473,0.0,11,0,
33,G,A33,False,True,preferred_design,114.8719,0.0,14,5,ACDSV
34,E,A34,False,True,preferred_design,770.4919,0.005482,10,0,
35,G,A35,False,True,preferred_design,212.9516,0.0,14,4,CV
36,D,A36,False,True,preferred_design,763.8084,0.0,11,1,
37,A,A37,False,True,preferred_design,330.4715,0.0,10,1,D
38,T,A38,False,True,preferred_design,824.3235,0.0,7,0,
39,N,A39,False,True,preferred_design,765.2314,0.0,7,0,
40,G,A40,False,True,preferred_design,156.6414,0.0,14,4,CDV
41,K,A41,False,True,preferred_design,730.0097,0.000705,7,1,
42,L,A42,False,True,preferred_design,599.5492,0.001897,8,6,FNPRT
43,T,A43,False,True,preferred_design,747.32,0.006007,6,1,P
44,L,A44,False,True,preferred_design,515.9466,0.004859,4,4,PQR
45,K,A45,False,True,preferred_design,770.4371,0.003734,12,1,
46,F,A46,False,True,preferred_design,698.8594,0.0,8,3,H
47,I,A47,False,True,preferred_design,895.4461,0.0,9,2,
48,C,A48,False,True,preferred_design,479.6326,0.0,12,3,GR
49,T,A49,False,True,preferred_design,569.0201,0.00364,14,0,
50,T,A50,False,True,preferred_design,566.9667,0.0,12,2,P
51,G,A51,False,True,preferred_design,194.7271,0.0,14,3,SV
52,K,A52,False,True,preferred_design,867.2652,0.0,6,0,
53,L,A53,False,True,preferred_design,264.11,0.004094,15,2,Q
54,P,A54,False,True,preferred_design,331.2108,0.0,12,1,L
55,V,A55,False,True,preferred_design,341.466,0.0,9,4,AEG
56,P,A56,False,True,preferred_design,129.7111,0.0,12,3,HL
57,W,A57,False,True,preferred_design,226.6407,0.0,13,4,CLR
58,P,A58,False,True,preferred_design,309.4002,0.0,6,2,DL
59,T,A59,False,True,preferred_design,407.1117,0.0,13,4,INP
60,L,A60,False,True,preferred_design,305.2831,0.0,8,5,HNPT
61,V,A61,False,True,preferred_design,479.5083,0.0,7,5,EMPQ
62,T,A62,False,True,preferred_design,605.5193,0.0,9,6,ILNT
63,T,A63,False,True,preferred_design,477.0942,0.0,9,5,PTY
64,L,A64,False,True,preferred_design,435.9819,0.0,12,4,PR
65,T,,True,False,hard_preserve,408.648,0.0,10,6,
66,Y,,True,False,hard_preserve,664.6509,0.0,12,6,
67,G,,True,False,hard_preserve,271.5136,0.0,13,5,
68,V,A68,False,True,preferred_design,724.9686,0.0,5,8,FINS
69,Q,A69,False,True,caution_design,622.2316,0.0,3,9,CDINRS
70,C,A70,False,True,preferred_design,303.6462,0.0,8,5,FGR
71,F,A71,False,True,preferred_design,772.2341,0.0,13,3,
72,S,A72,False,True,preferred_design,575.3978,0.0,9,3,DNR
73,R,A73,False,True,preferred_design,397.2889,0.0,6,2,
74,Y,A74,False,True,preferred_design,361.6575,0.0,11,5,DN
75,P,A75,False,True,preferred_design,212.8626,0.0,14,1,
76,D,A76,False,True,preferred_design,724.5465,0.0,5,0,
77,H,A77,False,True,preferred_design,554.3497,0.0,10,0,
78,M,A78,False,True,preferred_design,793.8057,0.0,4,4,R
79,K,A79,False,True,preferred_design,948.3551,0.0,7,1,
80,R,A80,False,True,preferred_design,423.0457,0.000387,11,0,
81,H,A81,False,True,preferred_design,552.1685,0.0,7,3,P
82,D,A82,False,True,preferred_design,258.9693,0.0,9,6,AEGVY
83,F,A83,False,True,preferred_design,486.003,0.0,12,4,V
84,F,A84,False,True,preferred_design,634.1321,0.0,10,4,S
85,K,A85,False,True,preferred_design,524.9673,0.0,6,3,E
86,S,A86,False,True,preferred_design,385.4384,0.002431,11,1,
87,A,A87,False,True,preferred_design,480.2739,0.0,9,2,DI
88,M,A88,False,True,preferred_design,865.9661,0.0,8,4,
89,P,A89,False,True,preferred_design,362.0425,0.0,10,2,H
90,E,A90,False,True,preferred_design,766.8957,0.0,6,0,
91,G,A91,False,True,preferred_design,129.289,0.0,14,3,V
92,Y,A92,False,True,preferred_design,572.3919,0.0,12,5,DNS
93,V,A93,False,True,preferred_design,784.2099,0.000227,6,3,DG
94,Q,A94,False,True,preferred_design,515.0939,0.0,9,6,DEHLP
95,E,A95,False,True,preferred_design,493.413,0.0,7,2,
96,R,A96,False,True,preferred_design,701.0128,0.0,13,6,CGHLPS
97,T,A97,False,True,preferred_design,771.2461,0.0,10,1,
98,I,A98,False,True,preferred_design,515.4939,0.0,9,5,AFN
99,S,A99,False,True,preferred_design,1001.0381,0.0,7,1,P
100,F,A100,False,True,preferred_design,557.9223,0.0,8,4,IV
101,K,A101,False,True,preferred_design,825.9621,0.0,4,3,
102,D,A102,False,True,preferred_design,505.7561,0.0,8,2,IV
103,D,A103,False,True,preferred_design,330.5372,0.0,10,5,ANVY
104,G,A104,False,True,preferred_design,112.7857,0.0,14,5,CDV
105,T,A105,False,True,caution_design,896.2173,0.0,3,1,
106,Y,A106,False,True,preferred_design,420.9548,0.0,10,5,DHNS
107,K,A107,False,True,preferred_design,852.3415,0.0,6,1,
108,T,A108,False,True,preferred_design,479.7017,0.000174,11,3,M
109,R,A109,False,True,preferred_design,450.5758,0.0,8,1,
110,A,A110,False,True,preferred_design,424.2833,0.0,5,6,DEIT
111,E,A111,False,True,preferred_design,691.9179,0.0,6,1,
112,V,A112,False,True,preferred_design,394.042,0.0,9,7,CEGHMN
113,K,A113,False,True,preferred_design,852.6837,0.0,7,1,
114,F,A114,False,True,preferred_design,694.3364,0.0,9,2,S
115,E,A115,False,True,preferred_design,600.4676,0.002098,14,1,
116,G,A116,False,True,preferred_design,445.1457,0.0,7,0,
117,D,A117,False,True,preferred_design,715.4512,0.0,9,0,
118,T,A118,False,True,preferred_design,661.7626,0.0,12,1,P
119,L,A119,False,True,preferred_design,210.4964,0.0,10,1,Q
120,V,A120,False,True,preferred_design,413.4266,0.0,9,0,
121,N,A121,False,True,preferred_design,777.9857,0.0,7,6,CDKTY
122,R,A122,False,True,preferred_design,229.3508,0.0,10,2,
123,I,A123,False,True,preferred_design,671.9204,0.0,7,5,FNSY
124,E,A124,False,True,preferred_design,728.2026,0.0,8,0,
125,L,A125,False,True,preferred_design,300.0382,0.0,9,4,EPQR
126,K,A126,False,True,preferred_design,858.178,0.001352,10,0,
127,G,A127,False,True,preferred_design,114.7746,0.0,14,3,DSV
128,I,A128,False,True,preferred_design,1122.5848,0.0,10,0,
129,D,A129,False,True,preferred_design,478.8239,0.0,10,1,
130,F,A130,False,True,preferred_design,564.922,0.0,13,4,V
131,K,A131,False,True,preferred_design,695.1446,0.0,10,0,
132,E,A132,False,True,preferred_design,700.4756,0.0,11,0,
133,D,A133,False,True,preferred_design,672.061,0.0,8,0,
134,G,A134,False,True,preferred_design,188.4838,0.0,13,2,V
135,N,A135,False,True,preferred_design,822.1629,0.0,10,0,
136,I,A136,False,True,preferred_design,567.0244,0.0,10,3,N
137,L,A137,False,True,preferred_design,371.2502,0.0,12,2,P
138,G,A138,False,True,preferred_design,326.4378,0.000922,12,2,W
139,H,A139,False,True,preferred_design,664.0887,0.0,8,3,IP
140,K,A140,False,True,preferred_design,858.9512,0.0,6,0,
141,L,A141,False,True,preferred_design,277.7889,0.0,8,6,ADGPR
142,E,A142,False,True,preferred_design,530.5093,0.0,10,0,
143,Y,A143,False,True,preferred_design,553.6865,0.0,13,2,
144,N,A144,False,True,preferred_design,858.3635,0.0,7,1,P
145,F,A145,False,True,preferred_design,494.5101,0.001442,5,7,IP
146,N,A146,False,True,preferred_design,713.0383,0.0,7,3,
147,S,A147,False,True,preferred_design,511.5841,0.0,10,3,HL
148,H,A148,False,True,preferred_design,371.0569,0.0,11,5,P
149,N,A149,False,True,preferred_design,776.1269,0.0,8,2,E
150,V,A150,False,True,preferred_design,374.9304,0.0,14,1,D
151,Y,A151,False,True,preferred_design,540.0798,0.0,13,1,
152,I,A152,False,True,preferred_design,329.1763,0.0,10,3,FN
153,T,A153,False,True,preferred_design,896.6791,0.0,7,1,
154,A,A154,False,True,preferred_design,210.8159,0.0,9,3,HL
155,D,A155,False,True,preferred_design,390.4382,0.0,13,2,
156,K,A156,False,True,preferred_design,779.0195,0.0,8,0,
157,Q,A157,False,True,preferred_design,563.228,0.0,5,0,
158,K,A158,False,True,preferred_design,753.4318,0.039521,7,1,
159,N,A159,False,True,preferred_design,673.7336,0.001211,8,1,
160,G,A160,False,True,preferred_design,220.5547,0.0,14,1,
161,I,A161,False,True,preferred_design,855.6459,0.0,6,5,PS
162,K,A162,False,True,preferred_design,894.7525,0.0,10,0,
163,A,A163,False,True,preferred_design,620.1098,0.0,10,5,FLN
164,N,A164,False,True,preferred_design,1033.6221,0.0,7,2,
165,F,A165,False,True,preferred_design,830.4865,0.0,7,7,HN
166,K,A166,False,True,caution_design,946.3622,0.0,3,3,DKY
167,I,A167,False,True,preferred_design,769.0342,0.0,7,4,EFNR
168,R,A168,False,True,preferred_design,326.787,0.0,11,1,
169,H,A169,False,True,preferred_design,659.9229,0.0,8,3,PRS
170,N,A170,False,True,preferred_design,814.5058,0.0,7,0,
171,I,A171,False,True,preferred_design,758.3823,0.0,7,3,AE
172,V,A172,False,True,preferred_design,461.698,0.010921,10,0,
173,E,A173,False,True,preferred_design,588.3979,0.005737,10,0,
174,D,A174,False,True,preferred_design,712.9363,0.0,5,0,
175,G,A175,False,True,preferred_design,382.6065,0.0,14,0,
176,S,A176,False,True,preferred_design,719.8885,0.000203,7,0,
177,V,A177,False,True,caution_design,819.242,0.0,3,0,
178,Q,A178,False,True,preferred_design,713.4606,0.003907,12,3,P
179,L,A179,False,True,preferred_design,561.0527,0.0,9,3,KT
180,A,A180,False,True,preferred_design,346.4654,0.0,11,2,D
181,D,A181,False,True,preferred_design,520.1798,0.0,9,2,C
182,H,A182,False,True,preferred_design,442.4865,0.0,10,5,DPR
183,Y,A183,False,True,preferred_design,811.4253,0.0,7,0,
184,Q,A184,False,True,preferred_design,391.0938,0.0,9,6,EKLPR
185,Q,A185,False,True,preferred_design,819.5713,0.0,6,2,P
186,N,A186,False,True,preferred_design,874.6121,0.0,8,7,HKTY
187,T,A187,False,True,preferred_design,690.7123,0.0,7,0,
188,P,A188,False,True,preferred_design,281.6209,0.0,10,0,
189,I,A189,False,True,preferred_design,562.6778,0.0,5,5,H
190,G,A190,False,True,preferred_design,334.6219,0.0,11,0,
191,D,A191,False,True,preferred_design,745.3133,0.0,10,0,
192,G,A192,False,True,preferred_design,286.1353,0.0,12,1,
193,P,A193,False,True,preferred_design,448.3922,0.0,8,0,
194,V,A194,False,True,preferred_design,649.1402,0.0,6,1,
195,L,A195,False,True,preferred_design,819.6884,0.0,6,1,
196,L,A196,False,True,caution_design,683.9983,0.0,3,5,CH
197,P,A197,False,True,preferred_design,261.6819,0.0,12,4,HLS
198,D,A198,False,True,preferred_design,823.3335,0.0,8,0,
199,N,A199,False,True,preferred_design,920.0183,0.0,5,4,CN
200,H,A200,False,True,preferred_design,434.8728,0.0,13,3,P
201,Y,A201,False,True,preferred_design,496.9235,0.0,9,5,LQRY
202,L,A202,False,True,preferred_design,545.4052,0.0,11,3,PR
203,S,A203,False,True,preferred_design,762.0407,0.0,5,3,A
204,T,A204,False,True,preferred_design,377.5715,0.00913,6,5,FP
205,Q,A205,False,True,preferred_design,761.1882,0.0,8,1,P
206,S,A206,False,True,preferred_design,539.7395,0.0,9,4,FP
207,V,A207,False,True,preferred_design,442.3944,0.0,9,0,
208,L,A208,False,True,preferred_design,599.537,0.0,7,4,QRY
209,S,A209,False,True,preferred_design,627.5441,0.0,6,1,
210,K,A210,False,True,preferred_design,735.1824,0.0,10,3,
211,D,A211,False,True,preferred_design,413.8887,0.0,11,1,
212,P,A212,False,True,preferred_design,444.5725,0.0,9,0,
213,N,A213,False,True,caution_design,823.5484,0.0,3,0,
214,E,A214,False,True,preferred_design,521.6883,0.0,7,3,
215,K,A215,False,True,preferred_design,964.3845,0.0,5,0,
216,R,A216,False,True,preferred_design,456.4225,0.0,8,0,
217,D,A217,False,True,preferred_design,580.4102,0.0,9,4,Y
218,H,A218,False,True,preferred_design,294.5156,0.0,9,5,LPQRY
219,M,A219,False,True,preferred_design,730.9992,0.0,9,7,HKPR
220,V,A220,False,True,preferred_design,523.8216,0.0,8,2,D
221,L,A221,False,True,preferred_design,551.7884,0.0,6,6,FNPQRY
222,L,A222,False,True,preferred_design,590.4991,0.0,6,1,
223,E,A223,False,True,preferred_design,582.7387,0.0,8,10,ACDHKLQSV
224,F,A224,False,True,preferred_design,843.3196,0.0,7,0,
225,V,A225,False,True,preferred_design,754.5194,0.0,7,8,FGMNSTY
226,T,A226,False,True,preferred_design,712.6937,0.0,7,4,EM
227,A,A227,False,True,preferred_design,341.1656,0.011275,12,1,
228,A,A228,False,True,preferred_design,371.9556,0.0,4,1,A
229,G,A229,False,True,preferred_design,588.5997,0.0,10,2,GY
230,I,A230,False,True,preferred_design,1015.0666,0.0,5,3,
231,T,A231,False,True,preferred_design,478.9674,0.0,13,0,
232,H,A232,False,True,preferred_design,1277.8602,0.004251,11,0,
233,G,,False,False,not_in_pdb,344.6452,0.0,13,0,
234,M,,False,False,not_in_pdb,981.5253,0.0,9,0,
235,D,,False,False,not_in_pdb,730.4002,0.004824,10,0,
236,E,,False,False,not_in_pdb,769.3219,0.002186,11,0,
237,L,,False,False,not_in_pdb,595.6328,0.0,9,0,
238,Y,,False,False,not_in_pdb,709.5451,0.0,10,0,
239,K,,False,False,not_in_pdb,422.0668,0.001942,6,1,
