backbone_id,sfGFP_position,source_pdb_token,target_sequence_index,target_pdb_token,position,sfGFP_residue,pdb_token,hard_preserve,designable_default,position_tier,effective_n_total,best_posterior_delta,tolerated_aa_count,strong_bad_aa_count,omit_aa
run09_L01_run05_candidate_0346_run05_three_loop_inputs,13,A13,13,A13,13,P,A13,False,True,preferred_design,344.4112,0.0,11,1,
run09_L01_run05_candidate_0346_run05_three_loop_inputs,18,A18,18,A18,18,L,A18,False,True,preferred_design,289.6339,0.0,12,3,QR
run09_L01_run05_candidate_0346_run05_three_loop_inputs,21,A21,21,A21,21,D,A21,False,True,preferred_design,629.0813,0.0,11,1,
run09_L01_run05_candidate_0346_run05_three_loop_inputs,22,A22,22,A22,22,V,A22,False,True,preferred_design,307.8065,0.0,14,3,EG
run09_L01_run05_candidate_0346_run05_three_loop_inputs,26,A26,26,A26,26,K,A26,False,True,preferred_design,835.4941,0.000473,9,0,
run09_L01_run05_candidate_0346_run05_three_loop_inputs,27,A27,27,A27,27,F,A27,False,True,preferred_design,414.0273,0.0,12,5,CS
run09_L01_run05_candidate_0346_run05_three_loop_inputs,32,A32,32,A32,32,E,A32,False,True,preferred_design,804.2473,0.0,11,0,
run09_L01_run05_candidate_0346_run05_three_loop_inputs,34,A34,34,A34,34,E,A34,False,True,preferred_design,770.4919,0.005482,10,0,
run09_L01_run05_candidate_0346_run05_three_loop_inputs,36,A36,36,A36,36,D,A36,False,True,preferred_design,763.8084,0.0,11,1,
run09_L01_run05_candidate_0346_run05_three_loop_inputs,45,A45,45,A45,45,K,A45,False,True,preferred_design,770.4371,0.003734,12,1,
run09_L01_run05_candidate_0346_run05_three_loop_inputs,47,A47,47,A47,47,I,A47,False,True,preferred_design,895.4461,0.0,9,2,
run09_L01_run05_candidate_0346_run05_three_loop_inputs,48,A48,48,A48,48,C,A48,False,True,preferred_design,479.6326,0.0,12,3,GR
run09_L01_run05_candidate_0346_run05_three_loop_inputs,92,A92,92,A92,92,Y,A92,False,True,preferred_design,572.3919,0.0,12,5,DNS
run09_L01_run05_candidate_0346_run05_three_loop_inputs,94,A94,94,A94,94,Q,A94,False,True,preferred_design,515.0939,0.0,9,6,DEHLP
run09_L01_run05_candidate_0346_run05_three_loop_inputs,96,A96,96,A96,96,R,A96,False,True,preferred_design,701.0128,0.0,13,6,CGHLPS
run09_L01_run05_candidate_0346_run05_three_loop_inputs,97,A97,97,A97,97,T,A97,False,True,preferred_design,771.2461,0.0,10,1,
run09_L01_run05_candidate_0346_run05_three_loop_inputs,98,A98,98,A98,98,I,A98,False,True,preferred_design,515.4939,0.0,9,5,AFN
run09_L01_run05_candidate_0346_run05_three_loop_inputs,103,A103,103,A103,103,D,A103,False,True,preferred_design,330.5372,0.0,10,5,ANVY
run09_L01_run05_candidate_0346_run05_three_loop_inputs,106,A106,106,A106,106,Y,A106,False,True,preferred_design,420.9548,0.0,10,5,DHNS
run09_L01_run05_candidate_0346_run05_three_loop_inputs,108,A108,108,A108,108,T,A108,False,True,preferred_design,479.7017,0.000174,11,3,M
run09_L01_run05_candidate_0346_run05_three_loop_inputs,112,A112,112,A112,112,V,A112,False,True,preferred_design,394.042,0.0,9,7,CEGHMN
run09_L01_run05_candidate_0346_run05_three_loop_inputs,114,A114,114,A114,114,F,A114,False,True,preferred_design,694.3364,0.0,9,2,S
run09_L01_run05_candidate_0346_run05_three_loop_inputs,115,A115,115,A115,115,E,A115,False,True,preferred_design,600.4676,0.002098,14,1,
run09_L01_run05_candidate_0346_run05_three_loop_inputs,118,A118,118,A118,118,T,A118,False,True,preferred_design,661.7626,0.0,12,1,P
run09_L01_run05_candidate_0346_run05_three_loop_inputs,120,A120,120,A120,120,V,A120,False,True,preferred_design,413.4266,0.0,9,0,
run09_L01_run05_candidate_0346_run05_three_loop_inputs,125,A125,125,A125,125,L,A125,False,True,preferred_design,300.0382,0.0,9,4,EPQR
run09_L01_run05_candidate_0346_run05_three_loop_inputs,126,A126,126,A126,126,K,A126,False,True,preferred_design,858.178,0.001352,10,0,
run09_L01_run05_candidate_0346_run05_three_loop_inputs,128,A128,128,A128,128,I,A128,False,True,preferred_design,1122.5848,0.0,10,0,
run09_L01_run05_candidate_0346_run05_three_loop_inputs,148,A148,148,A148,148,H,A148,False,True,preferred_design,371.0569,0.0,11,5,P
run09_L01_run05_candidate_0346_run05_three_loop_inputs,150,A150,150,A150,150,V,A150,False,True,preferred_design,374.9304,0.0,14,1,D
run09_L01_run05_candidate_0346_run05_three_loop_inputs,151,A151,151,A151,151,Y,A151,False,True,preferred_design,540.0798,0.0,13,1,
run09_L01_run05_candidate_0346_run05_three_loop_inputs,152,A152,152,A152,152,I,A152,False,True,preferred_design,329.1763,0.0,10,3,FN
run09_L01_run05_candidate_0346_run05_three_loop_inputs,155,A155,155,A155,155,D,A155,False,True,preferred_design,390.4382,0.0,13,2,
run09_L01_run05_candidate_0346_run05_three_loop_inputs,162,A162,162,A162,162,K,A162,False,True,preferred_design,894.7525,0.0,10,0,
run09_L01_run05_candidate_0346_run05_three_loop_inputs,163,A163,163,A163,163,A,A163,False,True,preferred_design,620.1098,0.0,10,5,FLN
run09_L01_run05_candidate_0346_run05_three_loop_inputs,168,A168,168,A168,168,R,A168,False,True,preferred_design,326.787,0.0,11,1,
run09_L01_run05_candidate_0346_run05_three_loop_inputs,175,A175,174,A174,175,G,A175,False,True,preferred_design,382.6065,0.0,14,0,
run09_L01_run05_candidate_0346_run05_three_loop_inputs,178,A178,177,A177,178,Q,A178,False,True,preferred_design,713.4606,0.003907,12,3,P
run09_L01_run05_candidate_0346_run05_three_loop_inputs,179,A179,178,A178,179,L,A179,False,True,preferred_design,561.0527,0.0,9,3,KT
run09_L01_run05_candidate_0346_run05_three_loop_inputs,180,A180,179,A179,180,A,A180,False,True,preferred_design,346.4654,0.0,11,2,D
run09_L01_run05_candidate_0346_run05_three_loop_inputs,181,A181,180,A180,181,D,A181,False,True,preferred_design,520.1798,0.0,9,2,C
run09_L01_run05_candidate_0346_run05_three_loop_inputs,182,A182,181,A181,182,H,A182,False,True,preferred_design,442.4865,0.0,10,5,DPR
run09_L01_run05_candidate_0346_run05_three_loop_inputs,184,A184,183,A183,184,Q,A184,False,True,preferred_design,391.0938,0.0,9,6,EKLPR
run09_L01_run05_candidate_0346_run05_three_loop_inputs,200,A200,199,A199,200,H,A200,False,True,preferred_design,434.8728,0.0,13,3,P
run09_L01_run05_candidate_0346_run05_three_loop_inputs,201,A201,200,A200,201,Y,A201,False,True,preferred_design,496.9235,0.0,9,5,LQRY
run09_L01_run05_candidate_0346_run05_three_loop_inputs,202,A202,201,A201,202,L,A202,False,True,preferred_design,545.4052,0.0,11,3,PR
run09_L01_run05_candidate_0346_run05_three_loop_inputs,206,A206,205,A205,206,S,A206,False,True,preferred_design,539.7395,0.0,9,4,FP
run09_L01_run05_candidate_0346_run05_three_loop_inputs,207,A207,206,A206,207,V,A207,False,True,preferred_design,442.3944,0.0,9,0,
run09_L01_run05_candidate_0346_run05_three_loop_inputs,217,A217,216,A216,217,D,A217,False,True,preferred_design,580.4102,0.0,9,4,Y
run09_L01_run05_candidate_0346_run05_three_loop_inputs,218,A218,217,A217,218,H,A218,False,True,preferred_design,294.5156,0.0,9,5,LPQRY
run09_L01_run05_candidate_0346_run05_three_loop_inputs,219,A219,218,A218,219,M,A219,False,True,preferred_design,730.9992,0.0,9,7,HKPR
run09_L01_run05_candidate_0346_run05_three_loop_inputs,227,A227,226,A226,227,A,A227,False,True,preferred_design,341.1656,0.011275,12,1,
run09_L02_run05_candidate_0205_run05_three_loop_inputs,13,A13,13,A13,13,P,A13,False,True,preferred_design,344.4112,0.0,11,1,
run09_L02_run05_candidate_0205_run05_three_loop_inputs,18,A18,18,A18,18,L,A18,False,True,preferred_design,289.6339,0.0,12,3,QR
run09_L02_run05_candidate_0205_run05_three_loop_inputs,21,A21,21,A21,21,D,A21,False,True,preferred_design,629.0813,0.0,11,1,
run09_L02_run05_candidate_0205_run05_three_loop_inputs,22,A22,22,A22,22,V,A22,False,True,preferred_design,307.8065,0.0,14,3,EG
run09_L02_run05_candidate_0205_run05_three_loop_inputs,26,A26,26,A26,26,K,A26,False,True,preferred_design,835.4941,0.000473,9,0,
run09_L02_run05_candidate_0205_run05_three_loop_inputs,27,A27,27,A27,27,F,A27,False,True,preferred_design,414.0273,0.0,12,5,CS
run09_L02_run05_candidate_0205_run05_three_loop_inputs,32,A32,32,A32,32,E,A32,False,True,preferred_design,804.2473,0.0,11,0,
run09_L02_run05_candidate_0205_run05_three_loop_inputs,34,A34,34,A34,34,E,A34,False,True,preferred_design,770.4919,0.005482,10,0,
run09_L02_run05_candidate_0205_run05_three_loop_inputs,36,A36,36,A36,36,D,A36,False,True,preferred_design,763.8084,0.0,11,1,
run09_L02_run05_candidate_0205_run05_three_loop_inputs,45,A45,45,A45,45,K,A45,False,True,preferred_design,770.4371,0.003734,12,1,
run09_L02_run05_candidate_0205_run05_three_loop_inputs,47,A47,47,A47,47,I,A47,False,True,preferred_design,895.4461,0.0,9,2,
run09_L02_run05_candidate_0205_run05_three_loop_inputs,48,A48,48,A48,48,C,A48,False,True,preferred_design,479.6326,0.0,12,3,GR
run09_L02_run05_candidate_0205_run05_three_loop_inputs,92,A92,92,A92,92,Y,A92,False,True,preferred_design,572.3919,0.0,12,5,DNS
run09_L02_run05_candidate_0205_run05_three_loop_inputs,94,A94,94,A94,94,Q,A94,False,True,preferred_design,515.0939,0.0,9,6,DEHLP
run09_L02_run05_candidate_0205_run05_three_loop_inputs,96,A96,96,A96,96,R,A96,False,True,preferred_design,701.0128,0.0,13,6,CGHLPS
run09_L02_run05_candidate_0205_run05_three_loop_inputs,97,A97,97,A97,97,T,A97,False,True,preferred_design,771.2461,0.0,10,1,
run09_L02_run05_candidate_0205_run05_three_loop_inputs,98,A98,98,A98,98,I,A98,False,True,preferred_design,515.4939,0.0,9,5,AFN
run09_L02_run05_candidate_0205_run05_three_loop_inputs,103,A103,103,A103,103,D,A103,False,True,preferred_design,330.5372,0.0,10,5,ANVY
run09_L02_run05_candidate_0205_run05_three_loop_inputs,106,A106,106,A106,106,Y,A106,False,True,preferred_design,420.9548,0.0,10,5,DHNS
run09_L02_run05_candidate_0205_run05_three_loop_inputs,108,A108,108,A108,108,T,A108,False,True,preferred_design,479.7017,0.000174,11,3,M
run09_L02_run05_candidate_0205_run05_three_loop_inputs,112,A112,112,A112,112,V,A112,False,True,preferred_design,394.042,0.0,9,7,CEGHMN
run09_L02_run05_candidate_0205_run05_three_loop_inputs,114,A114,114,A114,114,F,A114,False,True,preferred_design,694.3364,0.0,9,2,S
run09_L02_run05_candidate_0205_run05_three_loop_inputs,115,A115,115,A115,115,E,A115,False,True,preferred_design,600.4676,0.002098,14,1,
run09_L02_run05_candidate_0205_run05_three_loop_inputs,118,A118,118,A118,118,T,A118,False,True,preferred_design,661.7626,0.0,12,1,P
run09_L02_run05_candidate_0205_run05_three_loop_inputs,120,A120,120,A120,120,V,A120,False,True,preferred_design,413.4266,0.0,9,0,
run09_L02_run05_candidate_0205_run05_three_loop_inputs,125,A125,125,A125,125,L,A125,False,True,preferred_design,300.0382,0.0,9,4,EPQR
run09_L02_run05_candidate_0205_run05_three_loop_inputs,126,A126,126,A126,126,K,A126,False,True,preferred_design,858.178,0.001352,10,0,
run09_L02_run05_candidate_0205_run05_three_loop_inputs,128,A128,128,A128,128,I,A128,False,True,preferred_design,1122.5848,0.0,10,0,
run09_L02_run05_candidate_0205_run05_three_loop_inputs,148,A148,148,A148,148,H,A148,False,True,preferred_design,371.0569,0.0,11,5,P
run09_L02_run05_candidate_0205_run05_three_loop_inputs,150,A150,150,A150,150,V,A150,False,True,preferred_design,374.9304,0.0,14,1,D
run09_L02_run05_candidate_0205_run05_three_loop_inputs,151,A151,151,A151,151,Y,A151,False,True,preferred_design,540.0798,0.0,13,1,
run09_L02_run05_candidate_0205_run05_three_loop_inputs,152,A152,152,A152,152,I,A152,False,True,preferred_design,329.1763,0.0,10,3,FN
run09_L02_run05_candidate_0205_run05_three_loop_inputs,155,A155,155,A155,155,D,A155,False,True,preferred_design,390.4382,0.0,13,2,
run09_L02_run05_candidate_0205_run05_three_loop_inputs,162,A162,162,A162,162,K,A162,False,True,preferred_design,894.7525,0.0,10,0,
run09_L02_run05_candidate_0205_run05_three_loop_inputs,163,A163,163,A163,163,A,A163,False,True,preferred_design,620.1098,0.0,10,5,FLN
run09_L02_run05_candidate_0205_run05_three_loop_inputs,168,A168,168,A168,168,R,A168,False,True,preferred_design,326.787,0.0,11,1,
run09_L02_run05_candidate_0205_run05_three_loop_inputs,175,A175,174,A174,175,G,A175,False,True,preferred_design,382.6065,0.0,14,0,
run09_L02_run05_candidate_0205_run05_three_loop_inputs,178,A178,177,A177,178,Q,A178,False,True,preferred_design,713.4606,0.003907,12,3,P
run09_L02_run05_candidate_0205_run05_three_loop_inputs,179,A179,178,A178,179,L,A179,False,True,preferred_design,561.0527,0.0,9,3,KT
run09_L02_run05_candidate_0205_run05_three_loop_inputs,180,A180,179,A179,180,A,A180,False,True,preferred_design,346.4654,0.0,11,2,D
run09_L02_run05_candidate_0205_run05_three_loop_inputs,181,A181,180,A180,181,D,A181,False,True,preferred_design,520.1798,0.0,9,2,C
run09_L02_run05_candidate_0205_run05_three_loop_inputs,182,A182,181,A181,182,H,A182,False,True,preferred_design,442.4865,0.0,10,5,DPR
run09_L02_run05_candidate_0205_run05_three_loop_inputs,184,A184,183,A183,184,Q,A184,False,True,preferred_design,391.0938,0.0,9,6,EKLPR
run09_L02_run05_candidate_0205_run05_three_loop_inputs,200,A200,199,A199,200,H,A200,False,True,preferred_design,434.8728,0.0,13,3,P
run09_L02_run05_candidate_0205_run05_three_loop_inputs,201,A201,200,A200,201,Y,A201,False,True,preferred_design,496.9235,0.0,9,5,LQRY
run09_L02_run05_candidate_0205_run05_three_loop_inputs,202,A202,201,A201,202,L,A202,False,True,preferred_design,545.4052,0.0,11,3,PR
run09_L02_run05_candidate_0205_run05_three_loop_inputs,206,A206,205,A205,206,S,A206,False,True,preferred_design,539.7395,0.0,9,4,FP
run09_L02_run05_candidate_0205_run05_three_loop_inputs,207,A207,206,A206,207,V,A207,False,True,preferred_design,442.3944,0.0,9,0,
run09_L02_run05_candidate_0205_run05_three_loop_inputs,217,A217,216,A216,217,D,A217,False,True,preferred_design,580.4102,0.0,9,4,Y
run09_L02_run05_candidate_0205_run05_three_loop_inputs,218,A218,217,A217,218,H,A218,False,True,preferred_design,294.5156,0.0,9,5,LPQRY
run09_L02_run05_candidate_0205_run05_three_loop_inputs,219,A219,218,A218,219,M,A219,False,True,preferred_design,730.9992,0.0,9,7,HKPR
run09_L02_run05_candidate_0205_run05_three_loop_inputs,227,A227,226,A226,227,A,A227,False,True,preferred_design,341.1656,0.011275,12,1,
