backbone_id,sfGFP_position,donor_sequence_index,pdb_chain,pdb_resseq,pdb_icode,sfGFP_residue,donor_residue
run09_L01_run05_candidate_0346_run05_three_loop_inputs,65,65,A,65,,T,T
run09_L01_run05_candidate_0346_run05_three_loop_inputs,66,66,A,66,,Y,Y
run09_L01_run05_candidate_0346_run05_three_loop_inputs,67,67,A,67,,G,G
run09_L01_run05_candidate_0346_run05_three_loop_inputs,129,129,A,129,,D,N
run09_L01_run05_candidate_0346_run05_three_loop_inputs,130,130,A,130,,F,I
run09_L01_run05_candidate_0346_run05_three_loop_inputs,131,131,A,131,,K,K
run09_L01_run05_candidate_0346_run05_three_loop_inputs,132,132,A,132,,E,E
run09_L01_run05_candidate_0346_run05_three_loop_inputs,133,133,A,133,,D,R
run09_L01_run05_candidate_0346_run05_three_loop_inputs,134,134,A,134,,G,L
run09_L01_run05_candidate_0346_run05_three_loop_inputs,135,135,A,135,,N,R
run09_L01_run05_candidate_0346_run05_three_loop_inputs,136,136,A,136,,I,R
run09_L01_run05_candidate_0346_run05_three_loop_inputs,137,137,A,137,,L,L
run09_L01_run05_candidate_0346_run05_three_loop_inputs,138,138,A,138,,G,G
run09_L01_run05_candidate_0346_run05_three_loop_inputs,139,139,A,139,,H,R
run09_L01_run05_candidate_0346_run05_three_loop_inputs,140,140,A,140,,K,G
run09_L01_run05_candidate_0346_run05_three_loop_inputs,141,141,A,141,,L,M
run09_L01_run05_candidate_0346_run05_three_loop_inputs,142,142,A,142,,E,V
run09_L01_run05_candidate_0346_run05_three_loop_inputs,143,143,A,143,,Y,E
run09_L01_run05_candidate_0346_run05_three_loop_inputs,144,144,A,144,,N,A
run09_L01_run05_candidate_0346_run05_three_loop_inputs,145,145,A,145,,F,T
run09_L01_run05_candidate_0346_run05_three_loop_inputs,146,146,A,146,,N,F
run09_L01_run05_candidate_0346_run05_three_loop_inputs,147,147,A,147,,S,S
run09_L01_run05_candidate_0346_run05_three_loop_inputs,188,187,A,187,,P,P
run09_L01_run05_candidate_0346_run05_three_loop_inputs,189,188,A,188,,I,I
run09_L01_run05_candidate_0346_run05_three_loop_inputs,190,189,A,189,,G,G
run09_L01_run05_candidate_0346_run05_three_loop_inputs,191,190,A,190,,D,N
run09_L01_run05_candidate_0346_run05_three_loop_inputs,192,191,A,191,,G,G
run09_L01_run05_candidate_0346_run05_three_loop_inputs,193,192,A,192,,P,N
run09_L01_run05_candidate_0346_run05_three_loop_inputs,194,193,A,193,,V,A
run09_L01_run05_candidate_0346_run05_three_loop_inputs,195,194,A,194,,L,V
run09_L01_run05_candidate_0346_run05_three_loop_inputs,196,195,A,195,,L,V
run09_L01_run05_candidate_0346_run05_three_loop_inputs,197,196,A,196,,P,G
run09_L01_run05_candidate_0346_run05_three_loop_inputs,198,197,A,197,,D,E
run09_L01_run05_candidate_0346_run05_three_loop_inputs,209,208,A,208,,S,S
run09_L01_run05_candidate_0346_run05_three_loop_inputs,210,209,A,209,,K,R
run09_L01_run05_candidate_0346_run05_three_loop_inputs,211,210,A,210,,D,D
run09_L01_run05_candidate_0346_run05_three_loop_inputs,212,211,A,211,,P,P
run09_L01_run05_candidate_0346_run05_three_loop_inputs,213,212,A,212,,N,A
run09_L01_run05_candidate_0346_run05_three_loop_inputs,214,213,A,213,,E,K
run09_L01_run05_candidate_0346_run05_three_loop_inputs,215,214,A,214,,K,R
run09_L01_run05_candidate_0346_run05_three_loop_inputs,216,215,A,215,,R,D
run09_L01_run05_candidate_0346_run05_three_loop_inputs,230,229,A,229,,I,I
run09_L02_run05_candidate_0205_run05_three_loop_inputs,65,65,A,65,,T,T
run09_L02_run05_candidate_0205_run05_three_loop_inputs,66,66,A,66,,Y,Y
run09_L02_run05_candidate_0205_run05_three_loop_inputs,67,67,A,67,,G,G
run09_L02_run05_candidate_0205_run05_three_loop_inputs,129,129,A,129,,D,N
run09_L02_run05_candidate_0205_run05_three_loop_inputs,130,130,A,130,,F,F
run09_L02_run05_candidate_0205_run05_three_loop_inputs,131,131,A,131,,K,K
run09_L02_run05_candidate_0205_run05_three_loop_inputs,132,132,A,132,,E,K
run09_L02_run05_candidate_0205_run05_three_loop_inputs,133,133,A,133,,D,T
run09_L02_run05_candidate_0205_run05_three_loop_inputs,134,134,A,134,,G,G
run09_L02_run05_candidate_0205_run05_three_loop_inputs,135,135,A,135,,N,D
run09_L02_run05_candidate_0205_run05_three_loop_inputs,136,136,A,136,,I,E
run09_L02_run05_candidate_0205_run05_three_loop_inputs,137,137,A,137,,L,Y
run09_L02_run05_candidate_0205_run05_three_loop_inputs,138,138,A,138,,G,R
run09_L02_run05_candidate_0205_run05_three_loop_inputs,139,139,A,139,,H,N
run09_L02_run05_candidate_0205_run05_three_loop_inputs,140,140,A,140,,K,T
run09_L02_run05_candidate_0205_run05_three_loop_inputs,141,141,A,141,,L,I
run09_L02_run05_candidate_0205_run05_three_loop_inputs,142,142,A,142,,E,K
run09_L02_run05_candidate_0205_run05_three_loop_inputs,143,143,A,143,,Y,Y
run09_L02_run05_candidate_0205_run05_three_loop_inputs,144,144,A,144,,N,T
run09_L02_run05_candidate_0205_run05_three_loop_inputs,145,145,A,145,,F,S
run09_L02_run05_candidate_0205_run05_three_loop_inputs,146,146,A,146,,N,G
run09_L02_run05_candidate_0205_run05_three_loop_inputs,147,147,A,147,,S,S
run09_L02_run05_candidate_0205_run05_three_loop_inputs,188,187,A,187,,P,P
run09_L02_run05_candidate_0205_run05_three_loop_inputs,189,188,A,188,,I,I
run09_L02_run05_candidate_0205_run05_three_loop_inputs,190,189,A,189,,G,G
run09_L02_run05_candidate_0205_run05_three_loop_inputs,191,190,A,190,,D,S
run09_L02_run05_candidate_0205_run05_three_loop_inputs,192,191,A,191,,G,G
run09_L02_run05_candidate_0205_run05_three_loop_inputs,193,192,A,192,,P,P
run09_L02_run05_candidate_0205_run05_three_loop_inputs,194,193,A,193,,V,W
run09_L02_run05_candidate_0205_run05_three_loop_inputs,195,194,A,194,,L,D
run09_L02_run05_candidate_0205_run05_three_loop_inputs,196,195,A,195,,L,L
run09_L02_run05_candidate_0205_run05_three_loop_inputs,197,196,A,196,,P,G
run09_L02_run05_candidate_0205_run05_three_loop_inputs,198,197,A,197,,D,E
run09_L02_run05_candidate_0205_run05_three_loop_inputs,209,208,A,208,,S,S
run09_L02_run05_candidate_0205_run05_three_loop_inputs,210,209,A,209,,K,W
run09_L02_run05_candidate_0205_run05_three_loop_inputs,211,210,A,210,,D,D
run09_L02_run05_candidate_0205_run05_three_loop_inputs,212,211,A,211,,P,P
run09_L02_run05_candidate_0205_run05_three_loop_inputs,213,212,A,212,,N,E
run09_L02_run05_candidate_0205_run05_three_loop_inputs,214,213,A,213,,E,K
run09_L02_run05_candidate_0205_run05_three_loop_inputs,215,214,A,214,,K,K
run09_L02_run05_candidate_0205_run05_three_loop_inputs,216,215,A,215,,R,D
run09_L02_run05_candidate_0205_run05_three_loop_inputs,230,229,A,229,,I,I
